{
    "_config_name": "views.view.image_library",
    "name": "image_library",
    "description": "Displays recently uploaded images for selection when creating content.",
    "module": "filter",
    "storage": 4,
    "tag": "default",
    "disabled": false,
    "base_table": "file_managed",
    "human_name": "Image Library",
    "core": "1.7",
    "display": {
        "default": {
            "display_title": "Master",
            "display_plugin": "default",
            "display_options": {
                "query": {
                    "type": "views_query",
                    "options": []
                },
                "access": {
                    "type": "perm"
                },
                "cache": {
                    "type": "none"
                },
                "exposed_form": {
                    "type": "basic"
                },
                "pager": {
                    "type": "mini",
                    "options": {
                        "items_per_page": "20",
                        "offset": "0",
                        "id": "0",
                        "total_pages": "",
                        "tags": {
                            "previous": "‹ previous",
                            "next": "next ›"
                        },
                        "expose": {
                            "items_per_page": 0,
                            "items_per_page_label": "Items per page",
                            "items_per_page_options": "5, 10, 20, 40, 60",
                            "items_per_page_options_all": 0,
                            "items_per_page_options_all_label": "- All -",
                            "offset": 0,
                            "offset_label": "Offset"
                        }
                    }
                },
                "style_plugin": "default",
                "row_plugin": "fields",
                "fields": {
                    "uri": {
                        "id": "uri",
                        "table": "file_managed",
                        "field": "uri",
                        "relationship": "none",
                        "group_type": "group",
                        "ui_name": "File: Path (thumbnail)",
                        "label": "",
                        "exclude": 1,
                        "alter": {
                            "alter_text": 0,
                            "text": "",
                            "make_link": 0,
                            "path": "",
                            "absolute": 0,
                            "external": 0,
                            "replace_spaces": 0,
                            "path_case": "none",
                            "trim_whitespace": 0,
                            "alt": "",
                            "rel": "",
                            "link_class": "",
                            "prefix": "",
                            "suffix": "",
                            "target": "",
                            "nl2br": 0,
                            "max_length": "",
                            "word_boundary": 1,
                            "ellipsis": 1,
                            "more_link": 0,
                            "more_link_text": "",
                            "more_link_path": "",
                            "strip_tags": 0,
                            "trim": 0,
                            "preserve_tags": "",
                            "html": 0
                        },
                        "element_type": "",
                        "element_class": "",
                        "element_label_type": "",
                        "element_label_class": "",
                        "element_label_colon": false,
                        "element_wrapper_type": "",
                        "element_wrapper_class": "",
                        "element_default_classes": 1,
                        "empty": "",
                        "hide_empty": 0,
                        "empty_zero": 0,
                        "hide_alter_empty": 1,
                        "link_to_file": 0,
                        "file_download_path": 1,
                        "image_style": "thumbnail",
                        "thumbnail_style": "thumbnail"
                    },
                    "uri_1": {
                        "id": "uri_1",
                        "table": "file_managed",
                        "field": "uri",
                        "relationship": "none",
                        "group_type": "group",
                        "ui_name": "File: Path (full)",
                        "label": "",
                        "exclude": 1,
                        "alter": {
                            "alter_text": 0,
                            "text": "",
                            "make_link": 0,
                            "path": "",
                            "absolute": 0,
                            "external": 0,
                            "replace_spaces": 0,
                            "path_case": "none",
                            "trim_whitespace": 0,
                            "alt": "",
                            "rel": "",
                            "link_class": "",
                            "prefix": "",
                            "suffix": "",
                            "target": "",
                            "nl2br": 0,
                            "max_length": "",
                            "word_boundary": 1,
                            "ellipsis": 1,
                            "more_link": 0,
                            "more_link_text": "",
                            "more_link_path": "",
                            "strip_tags": 0,
                            "trim": 0,
                            "preserve_tags": "",
                            "html": 0
                        },
                        "element_type": "",
                        "element_class": "",
                        "element_label_type": "",
                        "element_label_class": "",
                        "element_label_colon": false,
                        "element_wrapper_type": "",
                        "element_wrapper_class": "",
                        "element_default_classes": 1,
                        "empty": "",
                        "hide_empty": 0,
                        "empty_zero": 0,
                        "hide_alter_empty": 1,
                        "link_to_file": 0,
                        "file_download_path": 1,
                        "image_style": ""
                    },
                    "fid": {
                        "id": "fid",
                        "table": "file_managed",
                        "field": "fid",
                        "relationship": "none",
                        "group_type": "group",
                        "ui_name": "",
                        "label": "",
                        "exclude": 0,
                        "alter": {
                            "alter_text": 1,
                            "text": "<img class=\"image-library-image\" src=\"[uri]\" data-file-url=\"[uri_1]\" data-fid=\"[fid]\" />",
                            "make_link": 0,
                            "path": "",
                            "absolute": 0,
                            "external": 0,
                            "replace_spaces": 0,
                            "path_case": "none",
                            "trim_whitespace": 0,
                            "alt": "",
                            "rel": "",
                            "link_class": "",
                            "prefix": "",
                            "suffix": "",
                            "target": "",
                            "nl2br": 0,
                            "max_length": "",
                            "word_boundary": 1,
                            "ellipsis": 1,
                            "more_link": 0,
                            "more_link_text": "",
                            "more_link_path": "",
                            "strip_tags": 0,
                            "trim": 0,
                            "preserve_tags": "",
                            "html": 0
                        },
                        "element_type": "0",
                        "element_class": "",
                        "element_label_type": "",
                        "element_label_class": "",
                        "element_label_colon": false,
                        "element_wrapper_type": "0",
                        "element_wrapper_class": "",
                        "element_default_classes": 0,
                        "empty": "",
                        "hide_empty": 0,
                        "empty_zero": 0,
                        "hide_alter_empty": 1,
                        "link_to_file": 0
                    },
                    "filename": {
                        "id": "filename",
                        "table": "file_managed",
                        "field": "filename",
                        "relationship": "none",
                        "group_type": "group",
                        "ui_name": "",
                        "label": "",
                        "exclude": 0,
                        "alter": {
                            "alter_text": 0,
                            "text": "",
                            "make_link": 0,
                            "path": "",
                            "absolute": 0,
                            "external": 0,
                            "replace_spaces": 0,
                            "path_case": "none",
                            "trim_whitespace": 0,
                            "alt": "",
                            "rel": "",
                            "link_class": "",
                            "prefix": "",
                            "suffix": "",
                            "target": "",
                            "nl2br": 0,
                            "max_length": "",
                            "word_boundary": 0,
                            "ellipsis": 0,
                            "more_link": 0,
                            "more_link_text": "",
                            "more_link_path": "",
                            "strip_tags": 0,
                            "trim": 0,
                            "preserve_tags": "",
                            "html": 0
                        },
                        "element_type": "p",
                        "element_class": "image-library-filename",
                        "element_label_type": "",
                        "element_label_class": "",
                        "element_label_colon": false,
                        "element_wrapper_type": "",
                        "element_wrapper_class": "",
                        "element_default_classes": 0,
                        "empty": "",
                        "hide_empty": 0,
                        "empty_zero": 0,
                        "hide_alter_empty": 1,
                        "link_to_file": 0
                    }
                },
                "filters": {
                    "filemime": {
                        "id": "filemime",
                        "table": "file_managed",
                        "field": "filemime",
                        "relationship": "none",
                        "group_type": "group",
                        "ui_name": "",
                        "operator": "starts",
                        "value": "image/",
                        "group": "1",
                        "exposed": false,
                        "expose": {
                            "operator_id": false,
                            "label": "",
                            "description": "",
                            "use_operator": false,
                            "operator": "",
                            "identifier": "",
                            "required": false,
                            "remember": false,
                            "multiple": false,
                            "remember_roles": {
                                "authenticated": "authenticated"
                            }
                        },
                        "is_grouped": false,
                        "group_info": {
                            "label": "",
                            "description": "",
                            "identifier": "",
                            "optional": true,
                            "widget": "select",
                            "multiple": false,
                            "remember": 0,
                            "default_group": "All",
                            "default_group_multiple": [],
                            "group_items": []
                        }
                    },
                    "uri": {
                        "id": "uri",
                        "table": "file_managed",
                        "field": "uri",
                        "relationship": "none",
                        "group_type": "group",
                        "ui_name": "",
                        "operator": "starts",
                        "value": "public://",
                        "group": "1",
                        "exposed": false,
                        "expose": {
                            "operator_id": false,
                            "label": "",
                            "description": "",
                            "use_operator": false,
                            "operator": "",
                            "identifier": "",
                            "required": false,
                            "remember": false,
                            "multiple": false,
                            "remember_roles": {
                                "authenticated": "authenticated"
                            }
                        },
                        "is_grouped": false,
                        "group_info": {
                            "label": "",
                            "description": "",
                            "identifier": "",
                            "optional": true,
                            "widget": "select",
                            "multiple": false,
                            "remember": 0,
                            "default_group": "All",
                            "default_group_multiple": [],
                            "group_items": []
                        }
                    }
                },
                "sorts": {
                    "timestamp": {
                        "id": "timestamp",
                        "table": "file_managed",
                        "field": "timestamp",
                        "relationship": "none",
                        "group_type": "group",
                        "ui_name": "",
                        "order": "DESC",
                        "exposed": false,
                        "expose": {
                            "label": ""
                        },
                        "granularity": "second"
                    }
                },
                "style_options": {
                    "grouping": [],
                    "row_class": "image-library-choose-file",
                    "default_row_class": 0,
                    "row_class_special": 0
                },
                "use_ajax": true,
                "header": [],
                "row_options": {
                    "default_field_elements": 0,
                    "inline": [],
                    "separator": "",
                    "hide_empty": 0
                },
                "empty": {
                    "area": {
                        "id": "area",
                        "table": "views",
                        "field": "area",
                        "relationship": "none",
                        "group_type": "group",
                        "ui_name": "",
                        "label": "",
                        "empty": true,
                        "content": "<p>No available images.</p>\r\n",
                        "format": "filtered_html",
                        "tokenize": 0
                    }
                }
            }
        }
    }
}
